<?xml version="1.0" encoding="UTF-8"?>
<export version="D">
  <design>
    <source>D:/daniel/electronica/projects/CNC4X45A/PCB/cnc4x45a.sch</source>
    <date>08/04/2017 8:30:56 AM</date>
    <tool>Eeschema 4.0.1-stable</tool>
    <sheet number="1" name="/" tstamps="/">
      <title_block>
        <title/>
        <company/>
        <rev/>
        <date>Monday, October 21, 2013</date>
        <source>cnc4x45a.sch</source>
        <comment number="1" value=""/>
        <comment number="2" value=""/>
        <comment number="3" value=""/>
        <comment number="4" value=""/>
      </title_block>
    </sheet>
  </design>
  <components>
    <comp ref="LD1">
      <value>LED_DUO</value>
      <libsource lib="cnc4x45a-cache" part="DRV_A4989_LED_DUO"/>
      <sheetpath names="/" tstamps="/"/>
      <tstamp>5108AF50</tstamp>
    </comp>
    <comp ref="LB1">
      <value>FIDUCIAL</value>
      <libsource lib="cnc4x45a-cache" part="FIDUCIAL"/>
      <sheetpath names="/" tstamps="/"/>
      <tstamp>510989AB</tstamp>
    </comp>
    <comp ref="LB2">
      <value>FIDUCIAL</value>
      <libsource lib="cnc4x45a-cache" part="FIDUCIAL"/>
      <sheetpath names="/" tstamps="/"/>
      <tstamp>510989B8</tstamp>
    </comp>
    <comp ref="LB3">
      <value>FIDUCIAL</value>
      <libsource lib="cnc4x45a-cache" part="FIDUCIAL"/>
      <sheetpath names="/" tstamps="/"/>
      <tstamp>510989BE</tstamp>
    </comp>
    <comp ref="H1">
      <value>MOUNT_HOLE</value>
      <libsource lib="dioda" part="MOUNT_HOLE"/>
      <sheetpath names="/" tstamps="/"/>
      <tstamp>5109BFFF</tstamp>
    </comp>
    <comp ref="H2">
      <value>MOUNT_HOLE</value>
      <libsource lib="dioda" part="MOUNT_HOLE"/>
      <sheetpath names="/" tstamps="/"/>
      <tstamp>5109C00C</tstamp>
    </comp>
    <comp ref="J1">
      <value>DB25</value>
      <libsource lib="conn" part="DB25"/>
      <sheetpath names="/" tstamps="/"/>
      <tstamp>523604E4</tstamp>
    </comp>
    <comp ref="P1">
      <value>CONN_13X2</value>
      <libsource lib="cnc4x45a-cache" part="CONN_13X2"/>
      <sheetpath names="/" tstamps="/"/>
      <tstamp>523604EA</tstamp>
    </comp>
    <comp ref="IC1">
      <value>CY8C424X</value>
      <libsource lib="cnc4x45a-cache" part="CY8C424X"/>
      <sheetpath names="/" tstamps="/"/>
      <tstamp>524ECD78</tstamp>
    </comp>
    <comp ref="P6">
      <value>CONN_6</value>
      <libsource lib="cnc4x45a-cache" part="CONN_6"/>
      <sheetpath names="/" tstamps="/"/>
      <tstamp>526379D5</tstamp>
    </comp>
    <comp ref="U1">
      <value>TB6600</value>
      <libsource lib="dioda" part="TB6600"/>
      <sheetpath names="/" tstamps="/"/>
      <tstamp>5264D492</tstamp>
    </comp>
    <comp ref="P2">
      <value>CONN_2</value>
      <libsource lib="dioda" part="CONN_2"/>
      <sheetpath names="/" tstamps="/"/>
      <tstamp>5264D498</tstamp>
    </comp>
    <comp ref="P4">
      <value>CONN_2</value>
      <libsource lib="dioda" part="CONN_2"/>
      <sheetpath names="/" tstamps="/"/>
      <tstamp>5264D49E</tstamp>
    </comp>
    <comp ref="R7">
      <value>.20</value>
      <libsource lib="cnc4x45a-rescue" part="R-RESCUE-cnc4x45a"/>
      <sheetpath names="/" tstamps="/"/>
      <tstamp>5264D4A4</tstamp>
    </comp>
    <comp ref="R12">
      <value>.20</value>
      <libsource lib="cnc4x45a-rescue" part="R-RESCUE-cnc4x45a"/>
      <sheetpath names="/" tstamps="/"/>
      <tstamp>5264D4B0</tstamp>
    </comp>
    <comp ref="SW1">
      <value>DIPS_04</value>
      <libsource lib="cnc4x45a-cache" part="DIPS_04"/>
      <sheetpath names="/" tstamps="/"/>
      <tstamp>5264D4CE</tstamp>
    </comp>
    <comp ref="R1">
      <value>51k</value>
      <libsource lib="cnc4x45a-rescue" part="R-RESCUE-cnc4x45a"/>
      <sheetpath names="/" tstamps="/"/>
      <tstamp>5264D4DA</tstamp>
    </comp>
    <comp ref="R2">
      <value>51k</value>
      <libsource lib="cnc4x45a-rescue" part="R-RESCUE-cnc4x45a"/>
      <sheetpath names="/" tstamps="/"/>
      <tstamp>5264D4E0</tstamp>
    </comp>
    <comp ref="RV1">
      <value>POT</value>
      <libsource lib="device" part="POT"/>
      <sheetpath names="/" tstamps="/"/>
      <tstamp>5264D4EC</tstamp>
    </comp>
    <comp ref="R15">
      <value>8k06</value>
      <libsource lib="cnc4x45a-rescue" part="R-RESCUE-cnc4x45a"/>
      <sheetpath names="/" tstamps="/"/>
      <tstamp>5264D4F2</tstamp>
    </comp>
    <comp ref="R11">
      <value>75k</value>
      <libsource lib="cnc4x45a-rescue" part="R-RESCUE-cnc4x45a"/>
      <sheetpath names="/" tstamps="/"/>
      <tstamp>5264D4F8</tstamp>
    </comp>
    <comp ref="C5">
      <value>1u</value>
      <libsource lib="cnc4x45a-rescue" part="C-RESCUE-cnc4x45a"/>
      <sheetpath names="/" tstamps="/"/>
      <tstamp>5264D504</tstamp>
    </comp>
    <comp ref="R9">
      <value>51k</value>
      <libsource lib="cnc4x45a-rescue" part="R-RESCUE-cnc4x45a"/>
      <sheetpath names="/" tstamps="/"/>
      <tstamp>5264D510</tstamp>
    </comp>
    <comp ref="C2">
      <value>1u</value>
      <footprint>SM1206</footprint>
      <libsource lib="cnc4x45a-rescue" part="C-RESCUE-cnc4x45a"/>
      <sheetpath names="/" tstamps="/"/>
      <tstamp>5264D51C</tstamp>
    </comp>
    <comp ref="C1">
      <value>100u</value>
      <libsource lib="cnc4x45a-rescue" part="CP-RESCUE-cnc4x45a"/>
      <sheetpath names="/" tstamps="/"/>
      <tstamp>5264D522</tstamp>
    </comp>
    <comp ref="SJ1">
      <value>JUMPER_SJ2W</value>
      <footprint>olimex-JUMPER_SJ_2</footprint>
      <libsource lib="cnc4x45a-cache" part="JUMPER_SJ2W"/>
      <sheetpath names="/" tstamps="/"/>
      <tstamp>5264D534</tstamp>
    </comp>
    <comp ref="R5">
      <value>R</value>
      <libsource lib="cnc4x45a-rescue" part="R-RESCUE-cnc4x45a"/>
      <sheetpath names="/" tstamps="/"/>
      <tstamp>5264D540</tstamp>
    </comp>
    <comp ref="C7">
      <value>100n</value>
      <libsource lib="cnc4x45a-rescue" part="C-RESCUE-cnc4x45a"/>
      <sheetpath names="/" tstamps="/"/>
      <tstamp>5264D546</tstamp>
    </comp>
    <comp ref="R17">
      <value>24k</value>
      <libsource lib="cnc4x45a-rescue" part="R-RESCUE-cnc4x45a"/>
      <sheetpath names="/" tstamps="/"/>
      <tstamp>5264D59E</tstamp>
    </comp>
    <comp ref="F1">
      <value>BSMDGE-S4.0A SSQC-SSTC</value>
      <libsource lib="device" part="FUSE"/>
      <sheetpath names="/" tstamps="/"/>
      <tstamp>5264D5B6</tstamp>
    </comp>
    <comp ref="U2">
      <value>TB6600</value>
      <libsource lib="dioda" part="TB6600"/>
      <sheetpath names="/" tstamps="/"/>
      <tstamp>5264D760</tstamp>
    </comp>
    <comp ref="P3">
      <value>CONN_2</value>
      <libsource lib="dioda" part="CONN_2"/>
      <sheetpath names="/" tstamps="/"/>
      <tstamp>5264D766</tstamp>
    </comp>
    <comp ref="P5">
      <value>CONN_2</value>
      <libsource lib="dioda" part="CONN_2"/>
      <sheetpath names="/" tstamps="/"/>
      <tstamp>5264D76C</tstamp>
    </comp>
    <comp ref="R8">
      <value>.20</value>
      <libsource lib="cnc4x45a-rescue" part="R-RESCUE-cnc4x45a"/>
      <sheetpath names="/" tstamps="/"/>
      <tstamp>5264D772</tstamp>
    </comp>
    <comp ref="R14">
      <value>.20</value>
      <libsource lib="cnc4x45a-rescue" part="R-RESCUE-cnc4x45a"/>
      <sheetpath names="/" tstamps="/"/>
      <tstamp>5264D77E</tstamp>
    </comp>
    <comp ref="SW2">
      <value>DIPS_04</value>
      <libsource lib="cnc4x45a-cache" part="DIPS_04"/>
      <sheetpath names="/" tstamps="/"/>
      <tstamp>5264D79C</tstamp>
    </comp>
    <comp ref="R3">
      <value>51k</value>
      <libsource lib="cnc4x45a-rescue" part="R-RESCUE-cnc4x45a"/>
      <sheetpath names="/" tstamps="/"/>
      <tstamp>5264D7A8</tstamp>
    </comp>
    <comp ref="R4">
      <value>51k</value>
      <libsource lib="cnc4x45a-rescue" part="R-RESCUE-cnc4x45a"/>
      <sheetpath names="/" tstamps="/"/>
      <tstamp>5264D7AE</tstamp>
    </comp>
    <comp ref="RV2">
      <value>POT</value>
      <libsource lib="device" part="POT"/>
      <sheetpath names="/" tstamps="/"/>
      <tstamp>5264D7BA</tstamp>
    </comp>
    <comp ref="R16">
      <value>8k06</value>
      <libsource lib="cnc4x45a-rescue" part="R-RESCUE-cnc4x45a"/>
      <sheetpath names="/" tstamps="/"/>
      <tstamp>5264D7C0</tstamp>
    </comp>
    <comp ref="R13">
      <value>75k</value>
      <libsource lib="cnc4x45a-rescue" part="R-RESCUE-cnc4x45a"/>
      <sheetpath names="/" tstamps="/"/>
      <tstamp>5264D7C6</tstamp>
    </comp>
    <comp ref="C6">
      <value>1u</value>
      <libsource lib="cnc4x45a-rescue" part="C-RESCUE-cnc4x45a"/>
      <sheetpath names="/" tstamps="/"/>
      <tstamp>5264D7D2</tstamp>
    </comp>
    <comp ref="R10">
      <value>51k</value>
      <libsource lib="cnc4x45a-rescue" part="R-RESCUE-cnc4x45a"/>
      <sheetpath names="/" tstamps="/"/>
      <tstamp>5264D7DE</tstamp>
    </comp>
    <comp ref="C4">
      <value>1u</value>
      <footprint>SM1206</footprint>
      <libsource lib="cnc4x45a-rescue" part="C-RESCUE-cnc4x45a"/>
      <sheetpath names="/" tstamps="/"/>
      <tstamp>5264D7EA</tstamp>
    </comp>
    <comp ref="C3">
      <value>100u</value>
      <libsource lib="cnc4x45a-rescue" part="CP-RESCUE-cnc4x45a"/>
      <sheetpath names="/" tstamps="/"/>
      <tstamp>5264D7F0</tstamp>
    </comp>
    <comp ref="SJ2">
      <value>JUMPER_SJ2W</value>
      <footprint>olimex-JUMPER_SJ_2</footprint>
      <libsource lib="cnc4x45a-cache" part="JUMPER_SJ2W"/>
      <sheetpath names="/" tstamps="/"/>
      <tstamp>5264D802</tstamp>
    </comp>
    <comp ref="R6">
      <value>R</value>
      <libsource lib="cnc4x45a-rescue" part="R-RESCUE-cnc4x45a"/>
      <sheetpath names="/" tstamps="/"/>
      <tstamp>5264D80E</tstamp>
    </comp>
    <comp ref="C8">
      <value>100n</value>
      <libsource lib="cnc4x45a-rescue" part="C-RESCUE-cnc4x45a"/>
      <sheetpath names="/" tstamps="/"/>
      <tstamp>5264D814</tstamp>
    </comp>
    <comp ref="R18">
      <value>24k</value>
      <libsource lib="cnc4x45a-rescue" part="R-RESCUE-cnc4x45a"/>
      <sheetpath names="/" tstamps="/"/>
      <tstamp>5264D871</tstamp>
    </comp>
    <comp ref="F2">
      <value>BSMDGE-S4.0A SSQC-SSTC</value>
      <libsource lib="device" part="FUSE"/>
      <sheetpath names="/" tstamps="/"/>
      <tstamp>5264D88F</tstamp>
    </comp>
    <comp ref="U3">
      <value>TB6600</value>
      <libsource lib="dioda" part="TB6600"/>
      <sheetpath names="/" tstamps="/"/>
      <tstamp>5264D8AC</tstamp>
    </comp>
    <comp ref="P7">
      <value>CONN_2</value>
      <libsource lib="dioda" part="CONN_2"/>
      <sheetpath names="/" tstamps="/"/>
      <tstamp>5264D8B2</tstamp>
    </comp>
    <comp ref="P9">
      <value>CONN_2</value>
      <libsource lib="dioda" part="CONN_2"/>
      <sheetpath names="/" tstamps="/"/>
      <tstamp>5264D8B8</tstamp>
    </comp>
    <comp ref="R25">
      <value>.20</value>
      <libsource lib="cnc4x45a-rescue" part="R-RESCUE-cnc4x45a"/>
      <sheetpath names="/" tstamps="/"/>
      <tstamp>5264D8BE</tstamp>
    </comp>
    <comp ref="R30">
      <value>.20</value>
      <libsource lib="cnc4x45a-rescue" part="R-RESCUE-cnc4x45a"/>
      <sheetpath names="/" tstamps="/"/>
      <tstamp>5264D8CA</tstamp>
    </comp>
    <comp ref="SW3">
      <value>DIPS_04</value>
      <libsource lib="cnc4x45a-cache" part="DIPS_04"/>
      <sheetpath names="/" tstamps="/"/>
      <tstamp>5264D8E8</tstamp>
    </comp>
    <comp ref="R19">
      <value>51k</value>
      <libsource lib="cnc4x45a-rescue" part="R-RESCUE-cnc4x45a"/>
      <sheetpath names="/" tstamps="/"/>
      <tstamp>5264D8F4</tstamp>
    </comp>
    <comp ref="R20">
      <value>51k</value>
      <libsource lib="cnc4x45a-rescue" part="R-RESCUE-cnc4x45a"/>
      <sheetpath names="/" tstamps="/"/>
      <tstamp>5264D8FA</tstamp>
    </comp>
    <comp ref="RV3">
      <value>POT</value>
      <libsource lib="device" part="POT"/>
      <sheetpath names="/" tstamps="/"/>
      <tstamp>5264D906</tstamp>
    </comp>
    <comp ref="R33">
      <value>8k06</value>
      <libsource lib="cnc4x45a-rescue" part="R-RESCUE-cnc4x45a"/>
      <sheetpath names="/" tstamps="/"/>
      <tstamp>5264D90C</tstamp>
    </comp>
    <comp ref="R29">
      <value>75k</value>
      <libsource lib="cnc4x45a-rescue" part="R-RESCUE-cnc4x45a"/>
      <sheetpath names="/" tstamps="/"/>
      <tstamp>5264D912</tstamp>
    </comp>
    <comp ref="C13">
      <value>1u</value>
      <libsource lib="cnc4x45a-rescue" part="C-RESCUE-cnc4x45a"/>
      <sheetpath names="/" tstamps="/"/>
      <tstamp>5264D91E</tstamp>
    </comp>
    <comp ref="R27">
      <value>51k</value>
      <libsource lib="cnc4x45a-rescue" part="R-RESCUE-cnc4x45a"/>
      <sheetpath names="/" tstamps="/"/>
      <tstamp>5264D92A</tstamp>
    </comp>
    <comp ref="C10">
      <value>1u</value>
      <footprint>SM1206</footprint>
      <libsource lib="cnc4x45a-rescue" part="C-RESCUE-cnc4x45a"/>
      <sheetpath names="/" tstamps="/"/>
      <tstamp>5264D936</tstamp>
    </comp>
    <comp ref="C9">
      <value>100u</value>
      <libsource lib="cnc4x45a-rescue" part="CP-RESCUE-cnc4x45a"/>
      <sheetpath names="/" tstamps="/"/>
      <tstamp>5264D93C</tstamp>
    </comp>
    <comp ref="SJ3">
      <value>JUMPER_SJ2W</value>
      <footprint>olimex-JUMPER_SJ_2</footprint>
      <libsource lib="cnc4x45a-cache" part="JUMPER_SJ2W"/>
      <sheetpath names="/" tstamps="/"/>
      <tstamp>5264D94E</tstamp>
    </comp>
    <comp ref="R23">
      <value>R</value>
      <libsource lib="cnc4x45a-rescue" part="R-RESCUE-cnc4x45a"/>
      <sheetpath names="/" tstamps="/"/>
      <tstamp>5264D95A</tstamp>
    </comp>
    <comp ref="C15">
      <value>100n</value>
      <libsource lib="cnc4x45a-rescue" part="C-RESCUE-cnc4x45a"/>
      <sheetpath names="/" tstamps="/"/>
      <tstamp>5264D960</tstamp>
    </comp>
    <comp ref="R35">
      <value>24k</value>
      <libsource lib="cnc4x45a-rescue" part="R-RESCUE-cnc4x45a"/>
      <sheetpath names="/" tstamps="/"/>
      <tstamp>5264D9BD</tstamp>
    </comp>
    <comp ref="F3">
      <value>BSMDGE-S4.0A SSQC-SSTC</value>
      <libsource lib="device" part="FUSE"/>
      <sheetpath names="/" tstamps="/"/>
      <tstamp>5264D9DB</tstamp>
    </comp>
    <comp ref="U4">
      <value>TB6600</value>
      <libsource lib="dioda" part="TB6600"/>
      <sheetpath names="/" tstamps="/"/>
      <tstamp>5264D9F8</tstamp>
    </comp>
    <comp ref="P8">
      <value>CONN_2</value>
      <libsource lib="dioda" part="CONN_2"/>
      <sheetpath names="/" tstamps="/"/>
      <tstamp>5264D9FE</tstamp>
    </comp>
    <comp ref="P10">
      <value>CONN_2</value>
      <libsource lib="dioda" part="CONN_2"/>
      <sheetpath names="/" tstamps="/"/>
      <tstamp>5264DA04</tstamp>
    </comp>
    <comp ref="R26">
      <value>.20</value>
      <libsource lib="cnc4x45a-rescue" part="R-RESCUE-cnc4x45a"/>
      <sheetpath names="/" tstamps="/"/>
      <tstamp>5264DA0A</tstamp>
    </comp>
    <comp ref="R32">
      <value>.20</value>
      <libsource lib="cnc4x45a-rescue" part="R-RESCUE-cnc4x45a"/>
      <sheetpath names="/" tstamps="/"/>
      <tstamp>5264DA16</tstamp>
    </comp>
    <comp ref="SW4">
      <value>DIPS_04</value>
      <libsource lib="cnc4x45a-cache" part="DIPS_04"/>
      <sheetpath names="/" tstamps="/"/>
      <tstamp>5264DA34</tstamp>
    </comp>
    <comp ref="R21">
      <value>51k</value>
      <libsource lib="cnc4x45a-rescue" part="R-RESCUE-cnc4x45a"/>
      <sheetpath names="/" tstamps="/"/>
      <tstamp>5264DA40</tstamp>
    </comp>
    <comp ref="R22">
      <value>51k</value>
      <libsource lib="cnc4x45a-rescue" part="R-RESCUE-cnc4x45a"/>
      <sheetpath names="/" tstamps="/"/>
      <tstamp>5264DA46</tstamp>
    </comp>
    <comp ref="RV4">
      <value>POT</value>
      <libsource lib="device" part="POT"/>
      <sheetpath names="/" tstamps="/"/>
      <tstamp>5264DA52</tstamp>
    </comp>
    <comp ref="R34">
      <value>8k06</value>
      <libsource lib="cnc4x45a-rescue" part="R-RESCUE-cnc4x45a"/>
      <sheetpath names="/" tstamps="/"/>
      <tstamp>5264DA58</tstamp>
    </comp>
    <comp ref="R31">
      <value>75k</value>
      <libsource lib="cnc4x45a-rescue" part="R-RESCUE-cnc4x45a"/>
      <sheetpath names="/" tstamps="/"/>
      <tstamp>5264DA5E</tstamp>
    </comp>
    <comp ref="C14">
      <value>1u</value>
      <libsource lib="cnc4x45a-rescue" part="C-RESCUE-cnc4x45a"/>
      <sheetpath names="/" tstamps="/"/>
      <tstamp>5264DA6A</tstamp>
    </comp>
    <comp ref="R28">
      <value>51k</value>
      <libsource lib="cnc4x45a-rescue" part="R-RESCUE-cnc4x45a"/>
      <sheetpath names="/" tstamps="/"/>
      <tstamp>5264DA76</tstamp>
    </comp>
    <comp ref="C12">
      <value>1u</value>
      <footprint>SM1206</footprint>
      <libsource lib="cnc4x45a-rescue" part="C-RESCUE-cnc4x45a"/>
      <sheetpath names="/" tstamps="/"/>
      <tstamp>5264DA82</tstamp>
    </comp>
    <comp ref="C11">
      <value>100u</value>
      <libsource lib="cnc4x45a-rescue" part="CP-RESCUE-cnc4x45a"/>
      <sheetpath names="/" tstamps="/"/>
      <tstamp>5264DA88</tstamp>
    </comp>
    <comp ref="SJ4">
      <value>JUMPER_SJ2W</value>
      <footprint>olimex-JUMPER_SJ_2</footprint>
      <libsource lib="cnc4x45a-cache" part="JUMPER_SJ2W"/>
      <sheetpath names="/" tstamps="/"/>
      <tstamp>5264DA9A</tstamp>
    </comp>
    <comp ref="R24">
      <value>R</value>
      <libsource lib="cnc4x45a-rescue" part="R-RESCUE-cnc4x45a"/>
      <sheetpath names="/" tstamps="/"/>
      <tstamp>5264DAA6</tstamp>
    </comp>
    <comp ref="C16">
      <value>100n</value>
      <libsource lib="cnc4x45a-rescue" part="C-RESCUE-cnc4x45a"/>
      <sheetpath names="/" tstamps="/"/>
      <tstamp>5264DAAC</tstamp>
    </comp>
    <comp ref="R36">
      <value>24k</value>
      <libsource lib="cnc4x45a-rescue" part="R-RESCUE-cnc4x45a"/>
      <sheetpath names="/" tstamps="/"/>
      <tstamp>5264DB09</tstamp>
    </comp>
    <comp ref="F4">
      <value>BSMDGE-S4.0A SSQC-SSTC</value>
      <libsource lib="device" part="FUSE"/>
      <sheetpath names="/" tstamps="/"/>
      <tstamp>5264DB27</tstamp>
    </comp>
    <comp ref="U7">
      <value>74LS245</value>
      <libsource lib="cnc4x45a-cache" part="74LS245"/>
      <sheetpath names="/" tstamps="/"/>
      <tstamp>52733DA4</tstamp>
    </comp>
    <comp ref="P13">
      <value>CONN_5</value>
      <libsource lib="cnc4x45a-cache" part="CONN_5"/>
      <sheetpath names="/" tstamps="/"/>
      <tstamp>527345BF</tstamp>
    </comp>
    <comp ref="P11">
      <value>CONN_5</value>
      <libsource lib="cnc4x45a-cache" part="CONN_5"/>
      <sheetpath names="/" tstamps="/"/>
      <tstamp>527366B4</tstamp>
    </comp>
    <comp ref="SW5">
      <value>DIPS_04</value>
      <libsource lib="cnc4x45a-cache" part="DIPS_04"/>
      <sheetpath names="/" tstamps="/"/>
      <tstamp>52737197</tstamp>
    </comp>
    <comp ref="LD2">
      <value>LED_DUO</value>
      <libsource lib="cnc4x45a-cache" part="DRV_A4989_LED_DUO"/>
      <sheetpath names="/" tstamps="/"/>
      <tstamp>52736F97</tstamp>
    </comp>
    <comp ref="LD3">
      <value>LED_DUO</value>
      <libsource lib="cnc4x45a-cache" part="DRV_A4989_LED_DUO"/>
      <sheetpath names="/" tstamps="/"/>
      <tstamp>52736FA5</tstamp>
    </comp>
    <comp ref="LD4">
      <value>LED_DUO</value>
      <libsource lib="cnc4x45a-cache" part="DRV_A4989_LED_DUO"/>
      <sheetpath names="/" tstamps="/"/>
      <tstamp>52736FB3</tstamp>
    </comp>
    <comp ref="RR1">
      <value>RR8</value>
      <libsource lib="device" part="RR8"/>
      <sheetpath names="/" tstamps="/"/>
      <tstamp>52736FC3</tstamp>
    </comp>
    <comp ref="D3">
      <value>Transil 1.5KE39</value>
      <libsource lib="cnc4x45a-cache" part="DIODE"/>
      <sheetpath names="/" tstamps="/"/>
      <tstamp>5273C740</tstamp>
    </comp>
    <comp ref="R38">
      <value>220</value>
      <libsource lib="cnc4x45a-rescue" part="R-RESCUE-cnc4x45a"/>
      <sheetpath names="/" tstamps="/"/>
      <tstamp>5273C75E</tstamp>
    </comp>
    <comp ref="R40">
      <value>4k7</value>
      <libsource lib="cnc4x45a-rescue" part="R-RESCUE-cnc4x45a"/>
      <sheetpath names="/" tstamps="/"/>
      <tstamp>5273C764</tstamp>
    </comp>
    <comp ref="D1">
      <value>39V</value>
      <libsource lib="cnc4x45a-rescue" part="ZENER-RESCUE-cnc4x45a"/>
      <sheetpath names="/" tstamps="/"/>
      <tstamp>5273C76A</tstamp>
    </comp>
    <comp ref="Q1">
      <value>TIP122</value>
      <libsource lib="cnc4x45a-cache" part="DARL_N"/>
      <sheetpath names="/" tstamps="/"/>
      <tstamp>5273C770</tstamp>
    </comp>
    <comp ref="R39">
      <value>100k</value>
      <libsource lib="cnc4x45a-rescue" part="R-RESCUE-cnc4x45a"/>
      <sheetpath names="/" tstamps="/"/>
      <tstamp>5273C782</tstamp>
    </comp>
    <comp ref="R37">
      <value>4k7</value>
      <libsource lib="cnc4x45a-rescue" part="R-RESCUE-cnc4x45a"/>
      <sheetpath names="/" tstamps="/"/>
      <tstamp>5273C7A2</tstamp>
    </comp>
    <comp ref="D2">
      <value>DIODE</value>
      <libsource lib="cnc4x45a-cache" part="DIODE"/>
      <sheetpath names="/" tstamps="/"/>
      <tstamp>5273C7AE</tstamp>
    </comp>
    <comp ref="Q2">
      <value>NPN</value>
      <libsource lib="cnc4x45a-cache" part="NPN"/>
      <sheetpath names="/" tstamps="/"/>
      <tstamp>5273C7B4</tstamp>
    </comp>
    <comp ref="K2">
      <value>CONN_3</value>
      <libsource lib="dioda" part="CONN_3"/>
      <sheetpath names="/" tstamps="/"/>
      <tstamp>5273C7BA</tstamp>
    </comp>
    <comp ref="K1">
      <value>RELAY</value>
      <libsource lib="dioda" part="RELAY"/>
      <sheetpath names="/" tstamps="/"/>
      <tstamp>5273C7C0</tstamp>
    </comp>
    <comp ref="C18">
      <value>10u</value>
      <libsource lib="cnc4x45a-rescue" part="CP-RESCUE-cnc4x45a"/>
      <sheetpath names="/" tstamps="/"/>
      <tstamp>5273C7DE</tstamp>
    </comp>
    <comp ref="C17">
      <value>1u</value>
      <libsource lib="cnc4x45a-rescue" part="CP-RESCUE-cnc4x45a"/>
      <sheetpath names="/" tstamps="/"/>
      <tstamp>5273C7E4</tstamp>
    </comp>
    <comp ref="U6">
      <value>7805</value>
      <libsource lib="regul" part="7805"/>
      <sheetpath names="/" tstamps="/"/>
      <tstamp>5273C802</tstamp>
    </comp>
    <comp ref="K3">
      <value>CONN_3</value>
      <libsource lib="dioda" part="CONN_3"/>
      <sheetpath names="/" tstamps="/"/>
      <tstamp>5273C808</tstamp>
    </comp>
    <comp ref="P12">
      <value>CONN_2</value>
      <libsource lib="dioda" part="CONN_2"/>
      <sheetpath names="/" tstamps="/"/>
      <tstamp>5273C814</tstamp>
    </comp>
    <comp ref="H3">
      <value>MOUNT_HOLE</value>
      <libsource lib="dioda" part="MOUNT_HOLE"/>
      <sheetpath names="/" tstamps="/"/>
      <tstamp>5273E418</tstamp>
    </comp>
    <comp ref="H4">
      <value>MOUNT_HOLE</value>
      <libsource lib="dioda" part="MOUNT_HOLE"/>
      <sheetpath names="/" tstamps="/"/>
      <tstamp>5273E41E</tstamp>
    </comp>
    <comp ref="C20">
      <value>100u</value>
      <libsource lib="cnc4x45a-rescue" part="CP-RESCUE-cnc4x45a"/>
      <sheetpath names="/" tstamps="/"/>
      <tstamp>528C4586</tstamp>
    </comp>
    <comp ref="C22">
      <value>100u</value>
      <libsource lib="cnc4x45a-rescue" part="CP-RESCUE-cnc4x45a"/>
      <sheetpath names="/" tstamps="/"/>
      <tstamp>528C4A3A</tstamp>
    </comp>
    <comp ref="C19">
      <value>100u</value>
      <libsource lib="cnc4x45a-rescue" part="CP-RESCUE-cnc4x45a"/>
      <sheetpath names="/" tstamps="/"/>
      <tstamp>528C4A51</tstamp>
    </comp>
    <comp ref="C21">
      <value>100u</value>
      <libsource lib="cnc4x45a-rescue" part="CP-RESCUE-cnc4x45a"/>
      <sheetpath names="/" tstamps="/"/>
      <tstamp>528C4CAE</tstamp>
    </comp>
    <comp ref="C24">
      <value>100u</value>
      <libsource lib="cnc4x45a-rescue" part="CP-RESCUE-cnc4x45a"/>
      <sheetpath names="/" tstamps="/"/>
      <tstamp>528C51A5</tstamp>
    </comp>
    <comp ref="C23">
      <value>100u</value>
      <libsource lib="cnc4x45a-rescue" part="CP-RESCUE-cnc4x45a"/>
      <sheetpath names="/" tstamps="/"/>
      <tstamp>528C51C5</tstamp>
    </comp>
    <comp ref="C25">
      <value>100u</value>
      <libsource lib="cnc4x45a-rescue" part="CP-RESCUE-cnc4x45a"/>
      <sheetpath names="/" tstamps="/"/>
      <tstamp>528C51D2</tstamp>
    </comp>
    <comp ref="K5">
      <value>CONN_3</value>
      <libsource lib="dioda" part="CONN_3"/>
      <sheetpath names="/" tstamps="/"/>
      <tstamp>528EF5B3</tstamp>
    </comp>
    <comp ref="RR2">
      <value>RR5</value>
      <libsource lib="dioda" part="RR5"/>
      <sheetpath names="/" tstamps="/"/>
      <tstamp>5291AA87</tstamp>
    </comp>
    <comp ref="LD5">
      <value>LED_DUO</value>
      <libsource lib="cnc4x45a-cache" part="DRV_A4989_LED_DUO"/>
      <sheetpath names="/" tstamps="/"/>
      <tstamp>5291D1C3</tstamp>
    </comp>
    <comp ref="LD6">
      <value>LED_DUO</value>
      <libsource lib="cnc4x45a-cache" part="DRV_A4989_LED_DUO"/>
      <sheetpath names="/" tstamps="/"/>
      <tstamp>5291D1CF</tstamp>
    </comp>
    <comp ref="LD7">
      <value>LED_DUO</value>
      <libsource lib="cnc4x45a-cache" part="DRV_A4989_LED_DUO"/>
      <sheetpath names="/" tstamps="/"/>
      <tstamp>5291D1DB</tstamp>
    </comp>
    <comp ref="RR3">
      <value>RR8</value>
      <libsource lib="device" part="RR8"/>
      <sheetpath names="/" tstamps="/"/>
      <tstamp>5291D1E7</tstamp>
    </comp>
    <comp ref="K4">
      <value>CONN_3</value>
      <libsource lib="dioda" part="CONN_3"/>
      <sheetpath names="/" tstamps="/"/>
      <tstamp>528EF5C2</tstamp>
    </comp>
    <comp ref="K6">
      <value>CONN_3</value>
      <footprint>Bornier3_3.81</footprint>
      <libsource lib="dioda" part="CONN_3"/>
      <sheetpath names="/" tstamps="/"/>
      <tstamp>5291ECF4</tstamp>
    </comp>
    <comp ref="K7">
      <value>CONN_3</value>
      <footprint>Bornier3_3.81</footprint>
      <libsource lib="dioda" part="CONN_3"/>
      <sheetpath names="/" tstamps="/"/>
      <tstamp>5291F321</tstamp>
    </comp>
    <comp ref="K8">
      <value>CONN_3</value>
      <footprint>Bornier3_3.81</footprint>
      <libsource lib="dioda" part="CONN_3"/>
      <sheetpath names="/" tstamps="/"/>
      <tstamp>5291F335</tstamp>
    </comp>
    <comp ref="C26">
      <value>1u</value>
      <footprint>SM1206</footprint>
      <libsource lib="cnc4x45a-rescue" part="C-RESCUE-cnc4x45a"/>
      <sheetpath names="/" tstamps="/"/>
      <tstamp>5296EA35</tstamp>
    </comp>
    <comp ref="C27">
      <value>1u</value>
      <footprint>SM1206</footprint>
      <libsource lib="cnc4x45a-rescue" part="C-RESCUE-cnc4x45a"/>
      <sheetpath names="/" tstamps="/"/>
      <tstamp>5296ECF1</tstamp>
    </comp>
    <comp ref="C28">
      <value>1u</value>
      <footprint>SM1206</footprint>
      <libsource lib="cnc4x45a-rescue" part="C-RESCUE-cnc4x45a"/>
      <sheetpath names="/" tstamps="/"/>
      <tstamp>5296ECFF</tstamp>
    </comp>
    <comp ref="C29">
      <value>1u</value>
      <footprint>SM1206</footprint>
      <libsource lib="cnc4x45a-rescue" part="C-RESCUE-cnc4x45a"/>
      <sheetpath names="/" tstamps="/"/>
      <tstamp>5296ED0D</tstamp>
    </comp>
    <comp ref="C30">
      <value>100n</value>
      <footprint>SM0805</footprint>
      <libsource lib="cnc4x45a-rescue" part="C-RESCUE-cnc4x45a"/>
      <sheetpath names="/" tstamps="/"/>
      <tstamp>52998C98</tstamp>
    </comp>
    <comp ref="C31">
      <value>1u</value>
      <footprint>SM0805</footprint>
      <libsource lib="cnc4x45a-rescue" part="C-RESCUE-cnc4x45a"/>
      <sheetpath names="/" tstamps="/"/>
      <tstamp>52998CC9</tstamp>
    </comp>
    <comp ref="C32">
      <value>1u</value>
      <footprint>SM0805</footprint>
      <libsource lib="cnc4x45a-rescue" part="C-RESCUE-cnc4x45a"/>
      <sheetpath names="/" tstamps="/"/>
      <tstamp>52998D01</tstamp>
    </comp>
    <comp ref="R41">
      <value>24k</value>
      <libsource lib="cnc4x45a-rescue" part="R-RESCUE-cnc4x45a"/>
      <sheetpath names="/" tstamps="/"/>
      <tstamp>52998D0F</tstamp>
    </comp>
    <comp ref="C34">
      <value>100n</value>
      <footprint>SM0805</footprint>
      <libsource lib="cnc4x45a-rescue" part="C-RESCUE-cnc4x45a"/>
      <sheetpath names="/" tstamps="/"/>
      <tstamp>5299A50D</tstamp>
    </comp>
    <comp ref="C33">
      <value>1u</value>
      <footprint>SM0805</footprint>
      <libsource lib="cnc4x45a-rescue" part="C-RESCUE-cnc4x45a"/>
      <sheetpath names="/" tstamps="/"/>
      <tstamp>5299A513</tstamp>
    </comp>
    <comp ref="P14">
      <value>CONN_6</value>
      <libsource lib="cnc4x45a-cache" part="CONN_6"/>
      <sheetpath names="/" tstamps="/"/>
      <tstamp>5299C300</tstamp>
    </comp>
    <comp ref="P15">
      <value>CONN_1</value>
      <libsource lib="cnc4x45a-cache" part="CONN_1"/>
      <sheetpath names="/" tstamps="/"/>
      <tstamp>529D5A5B</tstamp>
    </comp>
    <comp ref="P16">
      <value>CONN_1</value>
      <libsource lib="cnc4x45a-cache" part="CONN_1"/>
      <sheetpath names="/" tstamps="/"/>
      <tstamp>529D5D29</tstamp>
    </comp>
    <comp ref="P17">
      <value>CONN_1</value>
      <libsource lib="cnc4x45a-cache" part="CONN_1"/>
      <sheetpath names="/" tstamps="/"/>
      <tstamp>529D5FF8</tstamp>
    </comp>
    <comp ref="P18">
      <value>CONN_1</value>
      <libsource lib="cnc4x45a-cache" part="CONN_1"/>
      <sheetpath names="/" tstamps="/"/>
      <tstamp>529D62C8</tstamp>
    </comp>
    <comp ref="R42">
      <value>24k</value>
      <libsource lib="cnc4x45a-rescue" part="R-RESCUE-cnc4x45a"/>
      <sheetpath names="/" tstamps="/"/>
      <tstamp>52E0B4BA</tstamp>
    </comp>
    <comp ref="H5">
      <value>MOUNT_HOLE</value>
      <libsource lib="dioda" part="MOUNT_HOLE"/>
      <sheetpath names="/" tstamps="/"/>
      <tstamp>52E0D1D2</tstamp>
    </comp>
    <comp ref="H6">
      <value>MOUNT_HOLE</value>
      <libsource lib="dioda" part="MOUNT_HOLE"/>
      <sheetpath names="/" tstamps="/"/>
      <tstamp>52E0D1D8</tstamp>
    </comp>
    <comp ref="IC2">
      <value>L4960</value>
      <footprint>l4960-HEPTAWATT</footprint>
      <libsource lib="dioda" part="L4960"/>
      <sheetpath names="/" tstamps="/"/>
      <tstamp>52E6CE67</tstamp>
    </comp>
    <comp ref="C37">
      <value>2.2uF</value>
      <libsource lib="cnc4x45a-rescue" part="CP-RESCUE-cnc4x45a"/>
      <sheetpath names="/" tstamps="/"/>
      <tstamp>52E746BC</tstamp>
    </comp>
    <comp ref="R44">
      <value>4k7</value>
      <libsource lib="cnc4x45a-rescue" part="R-RESCUE-cnc4x45a"/>
      <sheetpath names="/" tstamps="/"/>
      <tstamp>52E74C89</tstamp>
    </comp>
    <comp ref="C38">
      <value>2.2nF</value>
      <libsource lib="cnc4x45a-rescue" part="C-RESCUE-cnc4x45a"/>
      <sheetpath names="/" tstamps="/"/>
      <tstamp>52E74FD7</tstamp>
    </comp>
    <comp ref="R45">
      <value>15k</value>
      <libsource lib="cnc4x45a-rescue" part="R-RESCUE-cnc4x45a"/>
      <sheetpath names="/" tstamps="/"/>
      <tstamp>52E76744</tstamp>
    </comp>
    <comp ref="C39">
      <value>33nf</value>
      <libsource lib="cnc4x45a-rescue" part="C-RESCUE-cnc4x45a"/>
      <sheetpath names="/" tstamps="/"/>
      <tstamp>52E76753</tstamp>
    </comp>
    <comp ref="D4">
      <value>byw80 / STTH3R02</value>
      <libsource lib="cnc4x45a-cache" part="DIODE"/>
      <sheetpath names="/" tstamps="/"/>
      <tstamp>52E7760D</tstamp>
    </comp>
    <comp ref="R46">
      <value>4k7</value>
      <libsource lib="cnc4x45a-rescue" part="R-RESCUE-cnc4x45a"/>
      <sheetpath names="/" tstamps="/"/>
      <tstamp>52E77C0D</tstamp>
    </comp>
    <comp ref="R43">
      <value>6k2</value>
      <libsource lib="cnc4x45a-rescue" part="R-RESCUE-cnc4x45a"/>
      <sheetpath names="/" tstamps="/"/>
      <tstamp>52E77C1C</tstamp>
    </comp>
    <comp ref="L1">
      <value>150uH</value>
      <footprint>inductor</footprint>
      <libsource lib="device" part="INDUCTOR"/>
      <sheetpath names="/" tstamps="/"/>
      <tstamp>52E7821A</tstamp>
    </comp>
    <comp ref="C35">
      <value>220u</value>
      <fields>
        <field name="TME Code">GF220/25</field>
        <field name="Dimensions">Ø6.3 x 11mm</field>
      </fields>
      <libsource lib="cnc4x45a-rescue" part="CP-RESCUE-cnc4x45a"/>
      <sheetpath names="/" tstamps="/"/>
      <tstamp>52E79121</tstamp>
    </comp>
    <comp ref="C36">
      <value>220u</value>
      <libsource lib="cnc4x45a-rescue" part="CP-RESCUE-cnc4x45a"/>
      <sheetpath names="/" tstamps="/"/>
      <tstamp>52E79436</tstamp>
    </comp>
    <comp ref="LB4">
      <value>FIDUCIAL</value>
      <libsource lib="cnc4x45a-cache" part="FIDUCIAL"/>
      <sheetpath names="/" tstamps="/"/>
      <tstamp>52E7EF61</tstamp>
    </comp>
  </components>
  <libparts>
    <libpart lib="cnc4x45a-cache" part="74LS245">
      <aliases>
        <alias>74HC245</alias>
      </aliases>
      <fields>
        <field name="Reference">U</field>
        <field name="Value">74LS245</field>
      </fields>
      <pins>
        <pin num="1" name="A-&gt;B" type="input"/>
        <pin num="2" name="A0" type="3state"/>
        <pin num="3" name="A1" type="3state"/>
        <pin num="4" name="A2" type="3state"/>
        <pin num="5" name="A3" type="3state"/>
        <pin num="6" name="A4" type="3state"/>
        <pin num="7" name="A5" type="3state"/>
        <pin num="8" name="A6" type="3state"/>
        <pin num="9" name="A7" type="3state"/>
        <pin num="10" name="GND" type="power_in"/>
        <pin num="11" name="B7" type="3state"/>
        <pin num="12" name="B6" type="3state"/>
        <pin num="13" name="B5" type="3state"/>
        <pin num="14" name="B4" type="3state"/>
        <pin num="15" name="B3" type="3state"/>
        <pin num="16" name="B2" type="3state"/>
        <pin num="17" name="B1" type="3state"/>
        <pin num="18" name="B0" type="3state"/>
        <pin num="19" name="CE" type="input"/>
        <pin num="20" name="VCC" type="power_in"/>
      </pins>
    </libpart>
    <libpart lib="regul" part="7805">
      <aliases>
        <alias>LM7805</alias>
        <alias>LM7812</alias>
        <alias>78L05</alias>
      </aliases>
      <description>Linear Regulator +5V</description>
      <docs>regulator\lm78xx.pdf</docs>
      <fields>
        <field name="Reference">U</field>
        <field name="Value">7805</field>
      </fields>
      <pins>
        <pin num="GND" name="GND" type="input"/>
        <pin num="VI" name="VI" type="input"/>
        <pin num="VO" name="VO" type="power_out"/>
      </pins>
    </libpart>
    <libpart lib="cnc4x45a-rescue" part="C-RESCUE-cnc4x45a">
      <footprints>
        <fp>SM*</fp>
        <fp>C?</fp>
        <fp>C1-1</fp>
      </footprints>
      <fields>
        <field name="Reference">C</field>
        <field name="Value">C-RESCUE-cnc4x45a</field>
      </fields>
      <pins>
        <pin num="1" name="~" type="passive"/>
        <pin num="2" name="~" type="passive"/>
      </pins>
    </libpart>
    <libpart lib="cnc4x45a-cache" part="CONN_1">
      <fields>
        <field name="Reference">P</field>
        <field name="Value">CONN_1</field>
      </fields>
      <pins>
        <pin num="1" name="1" type="passive"/>
      </pins>
    </libpart>
    <libpart lib="cnc4x45a-cache" part="CONN_13X2">
      <fields>
        <field name="Reference">P</field>
        <field name="Value">CONN_13X2</field>
      </fields>
      <pins>
        <pin num="1" name="P1" type="passive"/>
        <pin num="2" name="P2" type="passive"/>
        <pin num="3" name="P3" type="passive"/>
        <pin num="4" name="P4" type="passive"/>
        <pin num="5" name="P5" type="passive"/>
        <pin num="6" name="P6" type="passive"/>
        <pin num="7" name="P7" type="passive"/>
        <pin num="8" name="P8" type="passive"/>
        <pin num="9" name="P9" type="passive"/>
        <pin num="10" name="P10" type="passive"/>
        <pin num="11" name="P11" type="passive"/>
        <pin num="12" name="P12" type="passive"/>
        <pin num="13" name="P13" type="passive"/>
        <pin num="14" name="P14" type="passive"/>
        <pin num="15" name="P15" type="passive"/>
        <pin num="16" name="P16" type="passive"/>
        <pin num="17" name="P17" type="passive"/>
        <pin num="18" name="P18" type="passive"/>
        <pin num="19" name="P19" type="passive"/>
        <pin num="20" name="P20" type="passive"/>
        <pin num="21" name="P21" type="passive"/>
        <pin num="22" name="P22" type="passive"/>
        <pin num="23" name="P23" type="passive"/>
        <pin num="24" name="P20" type="passive"/>
        <pin num="25" name="P24" type="passive"/>
        <pin num="26" name="P22" type="passive"/>
      </pins>
    </libpart>
    <libpart lib="dioda" part="CONN_2">
      <fields>
        <field name="Reference">P</field>
        <field name="Value">CONN_2</field>
      </fields>
      <pins>
        <pin num="1" name="P1" type="passive"/>
        <pin num="2" name="PM" type="passive"/>
      </pins>
    </libpart>
    <libpart lib="dioda" part="CONN_3">
      <fields>
        <field name="Reference">K</field>
        <field name="Value">CONN_3</field>
      </fields>
      <pins>
        <pin num="1" name="P1" type="passive"/>
        <pin num="2" name="PM" type="passive"/>
        <pin num="3" name="P3" type="passive"/>
      </pins>
    </libpart>
    <libpart lib="cnc4x45a-cache" part="CONN_5">
      <fields>
        <field name="Reference">P</field>
        <field name="Value">CONN_5</field>
      </fields>
      <pins>
        <pin num="1" name="~" type="passive"/>
        <pin num="2" name="~" type="passive"/>
        <pin num="3" name="~" type="passive"/>
        <pin num="4" name="~" type="passive"/>
        <pin num="5" name="~" type="passive"/>
      </pins>
    </libpart>
    <libpart lib="cnc4x45a-cache" part="CONN_6">
      <fields>
        <field name="Reference">P</field>
        <field name="Value">CONN_6</field>
      </fields>
      <pins>
        <pin num="1" name="1" type="passive"/>
        <pin num="2" name="2" type="passive"/>
        <pin num="3" name="3" type="passive"/>
        <pin num="4" name="4" type="passive"/>
        <pin num="5" name="5" type="passive"/>
        <pin num="6" name="6" type="passive"/>
      </pins>
    </libpart>
    <libpart lib="cnc4x45a-rescue" part="CP-RESCUE-cnc4x45a">
      <footprints>
        <fp>CP*</fp>
        <fp>SM*</fp>
      </footprints>
      <fields>
        <field name="Reference">C</field>
        <field name="Value">CP-RESCUE-cnc4x45a</field>
      </fields>
      <pins>
        <pin num="1" name="~" type="passive"/>
        <pin num="2" name="~" type="passive"/>
      </pins>
    </libpart>
    <libpart lib="cnc4x45a-cache" part="CY8C424X">
      <footprints>
        <fp>TQFP44</fp>
      </footprints>
      <fields>
        <field name="Reference">IC</field>
        <field name="Value">CY8C424X</field>
      </fields>
      <pins>
        <pin num="1" name="VSS" type="BiDi"/>
        <pin num="2" name="P2.0" type="BiDi"/>
        <pin num="3" name="P2.1" type="BiDi"/>
        <pin num="4" name="P2.2" type="BiDi"/>
        <pin num="5" name="P2.3" type="BiDi"/>
        <pin num="6" name="P2.4_tcpwm0:p" type="BiDi"/>
        <pin num="7" name="P2.5_tcpwm0:n" type="BiDi"/>
        <pin num="8" name="P2.6_tcpwm1:p" type="BiDi"/>
        <pin num="9" name="P2.7_tcpwm1:n" type="BiDi"/>
        <pin num="10" name="VSS@1" type="BiDi"/>
        <pin num="11" name="P3.0" type="BiDi"/>
        <pin num="12" name="P3.1" type="BiDi"/>
        <pin num="13" name="P3.2" type="BiDi"/>
        <pin num="14" name="P3.3" type="BiDi"/>
        <pin num="15" name="P3.4" type="BiDi"/>
        <pin num="16" name="P3.5" type="BiDi"/>
        <pin num="17" name="P3.6" type="BiDi"/>
        <pin num="18" name="P3.7" type="BiDi"/>
        <pin num="19" name="VDDD" type="BiDi"/>
        <pin num="20" name="P4.0" type="BiDi"/>
        <pin num="21" name="P4.1" type="BiDi"/>
        <pin num="22" name="P4.2" type="BiDi"/>
        <pin num="23" name="P4.3" type="BiDi"/>
        <pin num="24" name="P0.0" type="BiDi"/>
        <pin num="25" name="P0.1" type="BiDi"/>
        <pin num="26" name="P0.2" type="BiDi"/>
        <pin num="27" name="P0.3" type="BiDi"/>
        <pin num="28" name="P0.4" type="BiDi"/>
        <pin num="29" name="P0.5" type="BiDi"/>
        <pin num="30" name="P0.6" type="BiDi"/>
        <pin num="31" name="P0.7" type="BiDi"/>
        <pin num="32" name="/XRES" type="BiDi"/>
        <pin num="33" name="VCCD" type="BiDi"/>
        <pin num="34" name="VDDD@1" type="BiDi"/>
        <pin num="35" name="VDDA" type="BiDi"/>
        <pin num="36" name="VSSA" type="BiDi"/>
        <pin num="37" name="P1.0" type="BiDi"/>
        <pin num="38" name="P1.1" type="BiDi"/>
        <pin num="39" name="P1.2" type="BiDi"/>
        <pin num="40" name="P1.3" type="BiDi"/>
        <pin num="41" name="P1.4" type="BiDi"/>
        <pin num="42" name="P1.5" type="BiDi"/>
        <pin num="43" name="P1.6" type="BiDi"/>
        <pin num="44" name="P1.7" type="BiDi"/>
      </pins>
    </libpart>
    <libpart lib="cnc4x45a-cache" part="DARL_N">
      <fields>
        <field name="Reference">Q</field>
        <field name="Value">DARL_N</field>
      </fields>
      <pins>
        <pin num="1" name="~" type="passive"/>
        <pin num="2" name="~" type="input"/>
        <pin num="3" name="~" type="passive"/>
      </pins>
    </libpart>
    <libpart lib="conn" part="DB25">
      <footprints>
        <fp>DB25*</fp>
      </footprints>
      <fields>
        <field name="Reference">J</field>
        <field name="Value">DB25</field>
      </fields>
      <pins>
        <pin num="1" name="1" type="passive"/>
        <pin num="2" name="2" type="passive"/>
        <pin num="3" name="3" type="passive"/>
        <pin num="4" name="4" type="passive"/>
        <pin num="5" name="5" type="passive"/>
        <pin num="6" name="6" type="passive"/>
        <pin num="7" name="7" type="passive"/>
        <pin num="8" name="8" type="passive"/>
        <pin num="9" name="9" type="passive"/>
        <pin num="10" name="10" type="passive"/>
        <pin num="11" name="11" type="passive"/>
        <pin num="12" name="12" type="passive"/>
        <pin num="13" name="13" type="passive"/>
        <pin num="14" name="P14" type="passive"/>
        <pin num="15" name="P15" type="passive"/>
        <pin num="16" name="P16" type="passive"/>
        <pin num="17" name="P17" type="passive"/>
        <pin num="18" name="P18" type="passive"/>
        <pin num="19" name="P19" type="passive"/>
        <pin num="20" name="P20" type="passive"/>
        <pin num="21" name="P21" type="passive"/>
        <pin num="22" name="P22" type="passive"/>
        <pin num="23" name="P23" type="passive"/>
        <pin num="24" name="P24" type="passive"/>
        <pin num="25" name="P25" type="passive"/>
      </pins>
    </libpart>
    <libpart lib="cnc4x45a-cache" part="DIODE">
      <footprints>
        <fp>D?</fp>
        <fp>S*</fp>
      </footprints>
      <fields>
        <field name="Reference">D</field>
        <field name="Value">DIODE</field>
      </fields>
      <pins>
        <pin num="1" name="A" type="passive"/>
        <pin num="2" name="K" type="passive"/>
      </pins>
    </libpart>
    <libpart lib="cnc4x45a-cache" part="DIPS_04">
      <fields>
        <field name="Reference">SW</field>
        <field name="Value">DIPS_04</field>
      </fields>
      <pins>
        <pin num="1" name="~" type="passive"/>
        <pin num="2" name="~" type="passive"/>
        <pin num="3" name="~" type="passive"/>
        <pin num="4" name="~" type="passive"/>
        <pin num="5" name="~" type="passive"/>
        <pin num="6" name="~" type="passive"/>
        <pin num="7" name="~" type="passive"/>
        <pin num="8" name="~" type="passive"/>
      </pins>
    </libpart>
    <libpart lib="cnc4x45a-cache" part="DRV_A4989_LED_DUO">
      <fields>
        <field name="Reference">??</field>
        <field name="Value">DRV_A4989_LED_DUO</field>
      </fields>
      <pins>
        <pin num="LR_A" name="A" type="passive"/>
        <pin num="LR_K" name="C" type="passive"/>
        <pin num="LV_A" name="A" type="passive"/>
        <pin num="LV_K" name="C" type="passive"/>
      </pins>
    </libpart>
    <libpart lib="cnc4x45a-cache" part="FIDUCIAL">
      <fields>
        <field name="Reference">LB</field>
        <field name="Value">FIDUCIAL</field>
      </fields>
    </libpart>
    <libpart lib="device" part="FUSE">
      <fields>
        <field name="Reference">F</field>
        <field name="Value">FUSE</field>
      </fields>
      <pins>
        <pin num="1" name="~" type="input"/>
        <pin num="2" name="~" type="input"/>
      </pins>
    </libpart>
    <libpart lib="device" part="INDUCTOR">
      <fields>
        <field name="Reference">L</field>
        <field name="Value">INDUCTOR</field>
      </fields>
      <pins>
        <pin num="1" name="1" type="passive"/>
        <pin num="2" name="2" type="passive"/>
      </pins>
    </libpart>
    <libpart lib="cnc4x45a-cache" part="JUMPER_SJ2W">
      <fields>
        <field name="Reference">SJ</field>
        <field name="Value">JUMPER_SJ2W</field>
        <field name="Footprint">olimex-JUMPER_SJ_2</field>
      </fields>
      <pins>
        <pin num="1" name="1" type="passive"/>
        <pin num="2" name="2" type="passive"/>
        <pin num="3" name="3" type="passive"/>
      </pins>
    </libpart>
    <libpart lib="dioda" part="L4960">
      <fields>
        <field name="Reference">IC</field>
        <field name="Value">L4960</field>
        <field name="Footprint">HEPTAWATT</field>
      </fields>
      <pins>
        <pin num="1" name="VIN" type="power_in"/>
        <pin num="2" name="FBIN" type="input"/>
        <pin num="3" name="FC" type="power_out"/>
        <pin num="4" name="GND" type="BiDi"/>
        <pin num="5" name="OSC" type="input"/>
        <pin num="6" name="SOFT" type="input"/>
        <pin num="7" name="VOUT" type="output"/>
      </pins>
    </libpart>
    <libpart lib="dioda" part="MOUNT_HOLE">
      <fields>
        <field name="Reference">H</field>
        <field name="Value">MOUNT_HOLE</field>
      </fields>
    </libpart>
    <libpart lib="cnc4x45a-cache" part="NPN">
      <fields>
        <field name="Reference">Q</field>
        <field name="Value">NPN</field>
      </fields>
      <pins>
        <pin num="1" name="E" type="passive"/>
        <pin num="2" name="B" type="input"/>
        <pin num="3" name="C" type="passive"/>
      </pins>
    </libpart>
    <libpart lib="device" part="POT">
      <description>Potentionmetre</description>
      <fields>
        <field name="Reference">RV</field>
        <field name="Value">POT</field>
      </fields>
      <pins>
        <pin num="1" name="1" type="passive"/>
        <pin num="2" name="2" type="passive"/>
        <pin num="3" name="3" type="passive"/>
      </pins>
    </libpart>
    <libpart lib="cnc4x45a-rescue" part="R-RESCUE-cnc4x45a">
      <footprints>
        <fp>R?</fp>
        <fp>SM0603</fp>
        <fp>SM0805</fp>
        <fp>R?-*</fp>
        <fp>SM1206</fp>
      </footprints>
      <fields>
        <field name="Reference">R</field>
        <field name="Value">R-RESCUE-cnc4x45a</field>
      </fields>
      <pins>
        <pin num="1" name="~" type="passive"/>
        <pin num="2" name="~" type="passive"/>
      </pins>
    </libpart>
    <libpart lib="dioda" part="RELAY">
      <aliases>
        <alias>R5L</alias>
      </aliases>
      <footprints>
        <fp>RELAY-1RG</fp>
      </footprints>
      <fields>
        <field name="Reference">K</field>
        <field name="Value">RELAY</field>
      </fields>
      <pins>
        <pin num="B1" name="B1" type="input"/>
        <pin num="B2" name="B2" type="input"/>
        <pin num="C" name="C" type="passive"/>
        <pin num="NA" name="NA" type="passive"/>
        <pin num="NF" name="NF" type="passive"/>
      </pins>
    </libpart>
    <libpart lib="dioda" part="RR5">
      <description>8 resistors</description>
      <fields>
        <field name="Reference">RR</field>
        <field name="Value">RR5</field>
      </fields>
      <pins>
        <pin num="1" name="COM" type="passive"/>
        <pin num="2" name="2" type="passive"/>
        <pin num="3" name="3" type="passive"/>
        <pin num="4" name="4" type="passive"/>
        <pin num="5" name="5" type="passive"/>
        <pin num="6" name="6" type="passive"/>
      </pins>
    </libpart>
    <libpart lib="device" part="RR8">
      <description>8 resistors</description>
      <fields>
        <field name="Reference">RR</field>
        <field name="Value">RR8</field>
      </fields>
      <pins>
        <pin num="1" name="COM" type="passive"/>
        <pin num="2" name="2" type="passive"/>
        <pin num="3" name="3" type="passive"/>
        <pin num="4" name="4" type="passive"/>
        <pin num="5" name="5" type="passive"/>
        <pin num="6" name="6" type="passive"/>
        <pin num="7" name="7" type="passive"/>
        <pin num="8" name="8" type="passive"/>
        <pin num="9" name="9" type="passive"/>
      </pins>
    </libpart>
    <libpart lib="dioda" part="TB6600">
      <description>TB660</description>
      <docs>D:/daniel/electronica/DataSheet/Stepper Motor Driver/TB6600HG_E_2003_20120709.pdf</docs>
      <footprints>
        <fp>HZIP25-P-1.00F</fp>
      </footprints>
      <fields>
        <field name="Reference">U</field>
        <field name="Value">TB6600</field>
      </fields>
      <pins>
        <pin num="1" name="ALERT" type="input"/>
        <pin num="2" name="SGND" type="input"/>
        <pin num="3" name="TQ" type="input"/>
        <pin num="4" name="Latch/Auto" type="input"/>
        <pin num="5" name="VREF" type="input"/>
        <pin num="6" name="VCC1" type="input"/>
        <pin num="7" name="M1" type="input"/>
        <pin num="8" name="M2" type="input"/>
        <pin num="9" name="M3" type="input"/>
        <pin num="10" name="OUT2B" type="input"/>
        <pin num="11" name="Nfb" type="input"/>
        <pin num="12" name="OUT1B" type="input"/>
        <pin num="13" name="PGNDB" type="input"/>
        <pin num="14" name="OUT2A" type="input"/>
        <pin num="15" name="Nfa" type="input"/>
        <pin num="16" name="OUT1A" type="input"/>
        <pin num="17" name="PGNDA" type="input"/>
        <pin num="18" name="Enable" type="input"/>
        <pin num="19" name="RESET" type="input"/>
        <pin num="20" name="VCC2" type="input"/>
        <pin num="21" name="CLK" type="input"/>
        <pin num="22" name="DIR" type="input"/>
        <pin num="23" name="OSC" type="input"/>
        <pin num="24" name="Vreg" type="input"/>
        <pin num="25" name="MO" type="input"/>
      </pins>
    </libpart>
    <libpart lib="cnc4x45a-rescue" part="ZENER-RESCUE-cnc4x45a">
      <footprints>
        <fp>D?</fp>
        <fp>SO*</fp>
        <fp>SM*</fp>
      </footprints>
      <fields>
        <field name="Reference">D</field>
        <field name="Value">ZENER-RESCUE-cnc4x45a</field>
      </fields>
      <pins>
        <pin num="1" name="A" type="passive"/>
        <pin num="2" name="K" type="passive"/>
      </pins>
    </libpart>
  </libparts>
  <libraries>
    <library logical="conn">
      <uri>C:\Program Files\KiCad\share\kicad\library\conn.lib</uri>
    </library>
    <library logical="regul">
      <uri>C:\Program Files\KiCad\share\kicad\library\regul.lib</uri>
    </library>
    <library logical="dioda">
      <uri>D:\daniel\electronica\projects\libraries\dioda.lib</uri>
    </library>
    <library logical="cnc4x45a-cache">
      <uri>D:\daniel\electronica\projects\CNC4X45A\PCB\cnc4x45a-cache.lib</uri>
    </library>
    <library logical="cnc4x45a-rescue">
      <uri>D:\daniel\electronica\projects\CNC4X45A\PCB\cnc4x45a-rescue.lib</uri>
    </library>
    <library logical="device">
      <uri>C:\Program Files\KiCad\share\kicad\library\device.lib</uri>
    </library>
  </libraries>
  <nets>
    <net code="1" name="Net-(Q1-Pad2)">
      <node ref="R38" pin="1"/>
      <node ref="Q1" pin="2"/>
    </net>
    <net code="2" name="Net-(D1-Pad1)">
      <node ref="D1" pin="1"/>
      <node ref="R40" pin="1"/>
      <node ref="R38" pin="2"/>
    </net>
    <net code="3" name="Net-(Q2-Pad2)">
      <node ref="Q2" pin="2"/>
      <node ref="R39" pin="1"/>
      <node ref="R37" pin="2"/>
    </net>
    <net code="4" name="Net-(D2-Pad1)">
      <node ref="D2" pin="1"/>
      <node ref="K1" pin="B1"/>
      <node ref="Q2" pin="3"/>
    </net>
    <net code="5" name="GND">
      <node ref="K8" pin="3"/>
      <node ref="K7" pin="3"/>
      <node ref="R12" pin="2"/>
      <node ref="C2" pin="2"/>
      <node ref="C26" pin="1"/>
      <node ref="C32" pin="1"/>
      <node ref="C31" pin="1"/>
      <node ref="C30" pin="1"/>
      <node ref="K6" pin="3"/>
      <node ref="C7" pin="2"/>
      <node ref="SJ1" pin="3"/>
      <node ref="C1" pin="2"/>
      <node ref="SW5" pin="5"/>
      <node ref="R7" pin="2"/>
      <node ref="U1" pin="17"/>
      <node ref="R15" pin="1"/>
      <node ref="R9" pin="1"/>
      <node ref="C5" pin="1"/>
      <node ref="U1" pin="13"/>
      <node ref="U1" pin="2"/>
      <node ref="C35" pin="2"/>
      <node ref="C36" pin="2"/>
      <node ref="P14" pin="2"/>
      <node ref="C38" pin="2"/>
      <node ref="P11" pin="5"/>
      <node ref="U7" pin="10"/>
      <node ref="IC2" pin="4"/>
      <node ref="C33" pin="1"/>
      <node ref="C34" pin="1"/>
      <node ref="C27" pin="1"/>
      <node ref="K5" pin="1"/>
      <node ref="C29" pin="1"/>
      <node ref="C28" pin="1"/>
      <node ref="R44" pin="2"/>
      <node ref="C37" pin="2"/>
      <node ref="R46" pin="2"/>
      <node ref="D4" pin="1"/>
      <node ref="C39" pin="2"/>
      <node ref="R32" pin="2"/>
      <node ref="R26" pin="2"/>
      <node ref="U4" pin="17"/>
      <node ref="R10" pin="1"/>
      <node ref="C6" pin="1"/>
      <node ref="C13" pin="1"/>
      <node ref="R30" pin="2"/>
      <node ref="U3" pin="17"/>
      <node ref="R33" pin="1"/>
      <node ref="U4" pin="13"/>
      <node ref="U4" pin="2"/>
      <node ref="U3" pin="2"/>
      <node ref="R14" pin="2"/>
      <node ref="R8" pin="2"/>
      <node ref="U2" pin="17"/>
      <node ref="U3" pin="13"/>
      <node ref="R16" pin="1"/>
      <node ref="C8" pin="2"/>
      <node ref="SJ2" pin="3"/>
      <node ref="C3" pin="2"/>
      <node ref="C4" pin="2"/>
      <node ref="U2" pin="13"/>
      <node ref="U2" pin="2"/>
      <node ref="J1" pin="21"/>
      <node ref="J1" pin="20"/>
      <node ref="J1" pin="18"/>
      <node ref="P1" pin="22"/>
      <node ref="P1" pin="12"/>
      <node ref="P1" pin="20"/>
      <node ref="P1" pin="10"/>
      <node ref="P1" pin="14"/>
      <node ref="J1" pin="19"/>
      <node ref="J1" pin="25"/>
      <node ref="J1" pin="24"/>
      <node ref="J1" pin="23"/>
      <node ref="IC1" pin="10"/>
      <node ref="J1" pin="22"/>
      <node ref="IC1" pin="1"/>
      <node ref="P1" pin="18"/>
      <node ref="P1" pin="16"/>
      <node ref="P1" pin="24"/>
      <node ref="R27" pin="1"/>
      <node ref="C9" pin="2"/>
      <node ref="C10" pin="2"/>
      <node ref="C15" pin="2"/>
      <node ref="R25" pin="2"/>
      <node ref="IC1" pin="36"/>
      <node ref="P6" pin="1"/>
      <node ref="SJ3" pin="3"/>
      <node ref="C17" pin="2"/>
      <node ref="U6" pin="GND"/>
      <node ref="K3" pin="3"/>
      <node ref="P12" pin="2"/>
      <node ref="Q2" pin="1"/>
      <node ref="SJ4" pin="3"/>
      <node ref="U7" pin="19"/>
      <node ref="P13" pin="2"/>
      <node ref="R28" pin="1"/>
      <node ref="C12" pin="2"/>
      <node ref="C11" pin="2"/>
      <node ref="C16" pin="2"/>
      <node ref="R34" pin="1"/>
      <node ref="C14" pin="1"/>
      <node ref="D3" pin="1"/>
      <node ref="R40" pin="2"/>
      <node ref="Q1" pin="1"/>
      <node ref="R39" pin="2"/>
      <node ref="C25" pin="2"/>
      <node ref="C18" pin="2"/>
      <node ref="C24" pin="2"/>
      <node ref="C23" pin="2"/>
      <node ref="SW5" pin="7"/>
      <node ref="C20" pin="2"/>
      <node ref="C21" pin="2"/>
      <node ref="C22" pin="2"/>
      <node ref="C19" pin="2"/>
      <node ref="SW5" pin="8"/>
      <node ref="SW5" pin="6"/>
    </net>
    <net code="6" name="/A-Alert">
      <node ref="U7" pin="2"/>
      <node ref="U4" pin="1"/>
      <node ref="R22" pin="2"/>
    </net>
    <net code="7" name="/A-MOut">
      <node ref="U7" pin="3"/>
      <node ref="U4" pin="25"/>
      <node ref="R21" pin="2"/>
    </net>
    <net code="8" name="/Z-Alert">
      <node ref="U7" pin="4"/>
      <node ref="R20" pin="2"/>
      <node ref="U3" pin="1"/>
    </net>
    <net code="9" name="+5V">
      <node ref="IC1" pin="35"/>
      <node ref="SW2" pin="8"/>
      <node ref="SW2" pin="7"/>
      <node ref="SW2" pin="6"/>
      <node ref="P6" pin="3"/>
      <node ref="IC1" pin="34"/>
      <node ref="IC1" pin="19"/>
      <node ref="P1" pin="26"/>
      <node ref="U7" pin="1"/>
      <node ref="C18" pin="1"/>
      <node ref="U7" pin="20"/>
      <node ref="RR3" pin="1"/>
      <node ref="C30" pin="2"/>
      <node ref="C31" pin="2"/>
      <node ref="R41" pin="1"/>
      <node ref="RR2" pin="1"/>
      <node ref="U6" pin="VO"/>
      <node ref="SW4" pin="6"/>
      <node ref="SW4" pin="7"/>
      <node ref="SW4" pin="8"/>
      <node ref="SW1" pin="6"/>
      <node ref="SW1" pin="7"/>
      <node ref="SW1" pin="8"/>
      <node ref="RR1" pin="1"/>
      <node ref="C33" pin="2"/>
      <node ref="P14" pin="6"/>
      <node ref="C34" pin="2"/>
      <node ref="P13" pin="1"/>
      <node ref="SW3" pin="8"/>
      <node ref="SW3" pin="7"/>
      <node ref="SW3" pin="6"/>
      <node ref="R42" pin="2"/>
    </net>
    <net code="10" name="Net-(LD1-PadLR_A)">
      <node ref="RR1" pin="3"/>
      <node ref="LD1" pin="LR_A"/>
    </net>
    <net code="11" name="Net-(LD1-PadLV_A)">
      <node ref="LD1" pin="LV_A"/>
      <node ref="RR1" pin="2"/>
    </net>
    <net code="12" name="Net-(LD4-PadLR_A)">
      <node ref="LD4" pin="LR_A"/>
      <node ref="RR1" pin="9"/>
    </net>
    <net code="13" name="Net-(LD4-PadLV_A)">
      <node ref="RR1" pin="8"/>
      <node ref="LD4" pin="LV_A"/>
    </net>
    <net code="14" name="Net-(LD3-PadLR_A)">
      <node ref="RR1" pin="7"/>
      <node ref="LD3" pin="LR_A"/>
    </net>
    <net code="15" name="Net-(LD3-PadLV_K)">
      <node ref="LD3" pin="LV_K"/>
      <node ref="U7" pin="15"/>
    </net>
    <net code="16" name="Net-(LD3-PadLV_A)">
      <node ref="RR1" pin="6"/>
      <node ref="LD3" pin="LV_A"/>
    </net>
    <net code="17" name="Net-(LD2-PadLR_A)">
      <node ref="LD2" pin="LR_A"/>
      <node ref="RR1" pin="5"/>
    </net>
    <net code="18" name="Net-(LD2-PadLV_K)">
      <node ref="LD2" pin="LV_K"/>
      <node ref="U7" pin="13"/>
    </net>
    <net code="19" name="Net-(LD2-PadLV_A)">
      <node ref="LD2" pin="LV_A"/>
      <node ref="RR1" pin="4"/>
    </net>
    <net code="20" name="Net-(IC1-Pad24)">
      <node ref="SW5" pin="4"/>
      <node ref="IC1" pin="24"/>
    </net>
    <net code="21" name="/Z-MOut">
      <node ref="R19" pin="2"/>
      <node ref="U7" pin="5"/>
      <node ref="U3" pin="25"/>
    </net>
    <net code="22" name="/Y-Alert">
      <node ref="R4" pin="2"/>
      <node ref="U7" pin="6"/>
      <node ref="U2" pin="1"/>
    </net>
    <net code="23" name="/Y-MOut">
      <node ref="U2" pin="25"/>
      <node ref="R3" pin="2"/>
      <node ref="U7" pin="7"/>
    </net>
    <net code="24" name="/X-Alert">
      <node ref="U7" pin="8"/>
      <node ref="U1" pin="1"/>
      <node ref="R2" pin="2"/>
    </net>
    <net code="25" name="/X-MOut">
      <node ref="R1" pin="2"/>
      <node ref="U1" pin="25"/>
      <node ref="U7" pin="9"/>
    </net>
    <net code="26" name="/ena">
      <node ref="P1" pin="2"/>
      <node ref="J1" pin="14"/>
      <node ref="U3" pin="18"/>
      <node ref="U2" pin="18"/>
      <node ref="U1" pin="18"/>
      <node ref="R42" pin="1"/>
      <node ref="U4" pin="18"/>
    </net>
    <net code="27" name="/A-STEP">
      <node ref="U4" pin="21"/>
      <node ref="IC1" pin="29"/>
    </net>
    <net code="28" name="/X-STEP">
      <node ref="IC1" pin="43"/>
      <node ref="U1" pin="21"/>
    </net>
    <net code="29" name="/X-LTQ">
      <node ref="IC1" pin="44"/>
      <node ref="SW1" pin="5"/>
    </net>
    <net code="30" name="Net-(K1-PadNA)">
      <node ref="K2" pin="2"/>
      <node ref="K1" pin="NA"/>
    </net>
    <net code="31" name="Net-(K1-PadC)">
      <node ref="K2" pin="3"/>
      <node ref="K1" pin="C"/>
    </net>
    <net code="32" name="Net-(K1-PadNF)">
      <node ref="K2" pin="1"/>
      <node ref="K1" pin="NF"/>
    </net>
    <net code="33" name="Net-(K3-Pad1)">
      <node ref="K3" pin="1"/>
    </net>
    <net code="34" name="+12V">
      <node ref="C36" pin="1"/>
      <node ref="C17" pin="1"/>
      <node ref="K1" pin="B2"/>
      <node ref="K7" pin="1"/>
      <node ref="K8" pin="1"/>
      <node ref="D2" pin="2"/>
      <node ref="K3" pin="2"/>
      <node ref="U6" pin="VI"/>
      <node ref="R43" pin="2"/>
      <node ref="L1" pin="2"/>
      <node ref="C35" pin="1"/>
      <node ref="K6" pin="1"/>
    </net>
    <net code="35" name="Net-(IC1-Pad25)">
      <node ref="SW5" pin="3"/>
      <node ref="IC1" pin="25"/>
    </net>
    <net code="36" name="Net-(SW4-Pad3)">
      <node ref="U4" pin="7"/>
      <node ref="SW4" pin="3"/>
    </net>
    <net code="37" name="Net-(SW4-Pad2)">
      <node ref="SW4" pin="2"/>
      <node ref="U4" pin="8"/>
    </net>
    <net code="38" name="Net-(SW4-Pad1)">
      <node ref="SW4" pin="1"/>
      <node ref="U4" pin="9"/>
    </net>
    <net code="39" name="Net-(P10-Pad1)">
      <node ref="P10" pin="1"/>
      <node ref="U4" pin="10"/>
    </net>
    <net code="40" name="Net-(P10-Pad2)">
      <node ref="P10" pin="2"/>
      <node ref="U4" pin="12"/>
    </net>
    <net code="41" name="Net-(P8-Pad1)">
      <node ref="U4" pin="14"/>
      <node ref="P8" pin="1"/>
    </net>
    <net code="42" name="Net-(P8-Pad2)">
      <node ref="P8" pin="2"/>
      <node ref="U4" pin="16"/>
    </net>
    <net code="43" name="Net-(R32-Pad1)">
      <node ref="U4" pin="11"/>
      <node ref="R32" pin="1"/>
    </net>
    <net code="44" name="Net-(R26-Pad1)">
      <node ref="U4" pin="15"/>
      <node ref="R26" pin="1"/>
    </net>
    <net code="45" name="Net-(P18-Pad1)">
      <node ref="P18" pin="1"/>
      <node ref="U4" pin="5"/>
      <node ref="RV4" pin="2"/>
    </net>
    <net code="46" name="/A-DIR">
      <node ref="U4" pin="22"/>
      <node ref="IC1" pin="28"/>
    </net>
    <net code="47" name="Net-(R28-Pad2)">
      <node ref="R28" pin="2"/>
      <node ref="U4" pin="23"/>
    </net>
    <net code="48" name="Net-(R31-Pad2)">
      <node ref="R31" pin="2"/>
      <node ref="RV4" pin="3"/>
    </net>
    <net code="49" name="Net-(R34-Pad2)">
      <node ref="R34" pin="2"/>
      <node ref="RV4" pin="1"/>
    </net>
    <net code="50" name="Net-(R36-Pad2)">
      <node ref="R36" pin="2"/>
      <node ref="SW4" pin="4"/>
      <node ref="U4" pin="3"/>
    </net>
    <net code="51" name="Net-(IC1-Pad11)">
      <node ref="P11" pin="1"/>
      <node ref="IC1" pin="11"/>
      <node ref="P6" pin="5"/>
    </net>
    <net code="52" name="//XRES">
      <node ref="R41" pin="2"/>
      <node ref="P13" pin="3"/>
      <node ref="IC1" pin="32"/>
    </net>
    <net code="53" name="Net-(LD4-PadLR_K)">
      <node ref="LD4" pin="LR_K"/>
      <node ref="U7" pin="18"/>
    </net>
    <net code="54" name="Net-(LD4-PadLV_K)">
      <node ref="U7" pin="17"/>
      <node ref="LD4" pin="LV_K"/>
    </net>
    <net code="55" name="Net-(LD3-PadLR_K)">
      <node ref="U7" pin="16"/>
      <node ref="LD3" pin="LR_K"/>
    </net>
    <net code="56" name="Net-(LD2-PadLR_K)">
      <node ref="U7" pin="14"/>
      <node ref="LD2" pin="LR_K"/>
    </net>
    <net code="57" name="Net-(LD1-PadLR_K)">
      <node ref="LD1" pin="LR_K"/>
      <node ref="U7" pin="12"/>
    </net>
    <net code="58" name="Net-(IC1-Pad27)">
      <node ref="IC1" pin="27"/>
      <node ref="SW5" pin="1"/>
    </net>
    <net code="59" name="Net-(IC1-Pad26)">
      <node ref="IC1" pin="26"/>
      <node ref="SW5" pin="2"/>
    </net>
    <net code="60" name="/SWD CLK">
      <node ref="IC1" pin="14"/>
      <node ref="P11" pin="4"/>
      <node ref="P13" pin="4"/>
    </net>
    <net code="61" name="/SWD IO">
      <node ref="P13" pin="5"/>
      <node ref="P11" pin="3"/>
      <node ref="IC1" pin="13"/>
    </net>
    <net code="62" name="/A-LTQ">
      <node ref="SW4" pin="5"/>
      <node ref="IC1" pin="30"/>
    </net>
    <net code="63" name="Net-(C16-Pad1)">
      <node ref="R24" pin="2"/>
      <node ref="C16" pin="1"/>
      <node ref="U4" pin="19"/>
    </net>
    <net code="64" name="/X-DIR">
      <node ref="U1" pin="22"/>
      <node ref="IC1" pin="42"/>
    </net>
    <net code="65" name="/AVcc">
      <node ref="C22" pin="1"/>
      <node ref="F4" pin="1"/>
      <node ref="C11" pin="1"/>
      <node ref="U4" pin="20"/>
      <node ref="U4" pin="6"/>
      <node ref="C12" pin="1"/>
      <node ref="C29" pin="2"/>
    </net>
    <net code="66" name="Net-(C14-Pad2)">
      <node ref="SJ4" pin="1"/>
      <node ref="R21" pin="1"/>
      <node ref="U4" pin="4"/>
      <node ref="R22" pin="1"/>
      <node ref="R24" pin="1"/>
      <node ref="SJ4" pin="2"/>
      <node ref="R31" pin="1"/>
      <node ref="R36" pin="1"/>
      <node ref="U4" pin="24"/>
      <node ref="C14" pin="2"/>
    </net>
    <net code="67" name="Net-(R33-Pad2)">
      <node ref="RV3" pin="1"/>
      <node ref="R33" pin="2"/>
    </net>
    <net code="68" name="Net-(R16-Pad2)">
      <node ref="R16" pin="2"/>
      <node ref="RV2" pin="1"/>
    </net>
    <net code="69" name="Net-(R15-Pad2)">
      <node ref="R15" pin="2"/>
      <node ref="RV1" pin="1"/>
    </net>
    <net code="70" name="Net-(IC2-Pad3)">
      <node ref="IC2" pin="3"/>
      <node ref="R45" pin="1"/>
    </net>
    <net code="71" name="Net-(C32-Pad2)">
      <node ref="C32" pin="2"/>
      <node ref="IC1" pin="33"/>
    </net>
    <net code="72" name="/miso">
      <node ref="P14" pin="5"/>
      <node ref="IC1" pin="21"/>
    </net>
    <net code="73" name="/mosi">
      <node ref="IC1" pin="20"/>
      <node ref="P14" pin="4"/>
    </net>
    <net code="74" name="/ssel0">
      <node ref="P14" pin="1"/>
      <node ref="IC1" pin="23"/>
    </net>
    <net code="75" name="/blink">
      <node ref="IC1" pin="18"/>
      <node ref="LD5" pin="LV_K"/>
    </net>
    <net code="76" name="Net-(IC2-Pad2)">
      <node ref="R46" pin="1"/>
      <node ref="R43" pin="1"/>
      <node ref="IC2" pin="2"/>
    </net>
    <net code="77" name="/clk">
      <node ref="IC1" pin="22"/>
      <node ref="P14" pin="3"/>
    </net>
    <net code="78" name="Net-(C38-Pad1)">
      <node ref="IC2" pin="5"/>
      <node ref="C38" pin="1"/>
      <node ref="R44" pin="1"/>
    </net>
    <net code="79" name="Net-(C37-Pad1)">
      <node ref="C37" pin="1"/>
      <node ref="IC2" pin="6"/>
    </net>
    <net code="80" name="Net-(D4-Pad2)">
      <node ref="L1" pin="1"/>
      <node ref="IC2" pin="7"/>
      <node ref="D4" pin="2"/>
    </net>
    <net code="81" name="Net-(C39-Pad1)">
      <node ref="R45" pin="2"/>
      <node ref="C39" pin="1"/>
    </net>
    <net code="82" name="Net-(LD6-PadLV_A)">
      <node ref="LD6" pin="LV_A"/>
      <node ref="RR3" pin="4"/>
    </net>
    <net code="83" name="Net-(LD7-PadLV_A)">
      <node ref="RR3" pin="6"/>
      <node ref="LD7" pin="LV_A"/>
    </net>
    <net code="84" name="Net-(LD6-PadLR_A)">
      <node ref="RR3" pin="5"/>
      <node ref="LD6" pin="LR_A"/>
    </net>
    <net code="85" name="Net-(LD7-PadLR_A)">
      <node ref="LD7" pin="LR_A"/>
      <node ref="RR3" pin="7"/>
    </net>
    <net code="86" name="Net-(LD5-PadLR_A)">
      <node ref="LD5" pin="LR_A"/>
      <node ref="RR3" pin="3"/>
    </net>
    <net code="87" name="Net-(LD5-PadLV_A)">
      <node ref="LD5" pin="LV_A"/>
      <node ref="RR3" pin="2"/>
    </net>
    <net code="88" name="/z_min">
      <node ref="J1" pin="11"/>
      <node ref="K4" pin="1"/>
      <node ref="K8" pin="2"/>
      <node ref="RR2" pin="4"/>
      <node ref="P1" pin="21"/>
      <node ref="LD6" pin="LR_K"/>
    </net>
    <net code="89" name="Net-(LD1-PadLV_K)">
      <node ref="U7" pin="11"/>
      <node ref="LD1" pin="LV_K"/>
    </net>
    <net code="90" name="/x_min">
      <node ref="RR2" pin="2"/>
      <node ref="P1" pin="25"/>
      <node ref="K4" pin="3"/>
      <node ref="K6" pin="2"/>
      <node ref="J1" pin="13"/>
      <node ref="LD5" pin="LR_K"/>
    </net>
    <net code="91" name="/y_min">
      <node ref="P1" pin="23"/>
      <node ref="K7" pin="2"/>
      <node ref="RR2" pin="3"/>
      <node ref="K4" pin="2"/>
      <node ref="J1" pin="12"/>
      <node ref="LD6" pin="LV_K"/>
    </net>
    <net code="92" name="Net-(RR3-Pad9)">
      <node ref="RR3" pin="9"/>
    </net>
    <net code="93" name="Net-(RR3-Pad8)">
      <node ref="RR3" pin="8"/>
    </net>
    <net code="94" name="/a_min">
      <node ref="LD7" pin="LV_K"/>
      <node ref="RR2" pin="5"/>
      <node ref="K5" pin="3"/>
      <node ref="P1" pin="19"/>
      <node ref="J1" pin="10"/>
    </net>
    <net code="95" name="/e_stop">
      <node ref="J1" pin="15"/>
      <node ref="LD7" pin="LR_K"/>
      <node ref="RR2" pin="6"/>
      <node ref="K5" pin="2"/>
      <node ref="P1" pin="4"/>
    </net>
    <net code="96" name="/Z-DIR">
      <node ref="U3" pin="22"/>
      <node ref="IC1" pin="31"/>
    </net>
    <net code="97" name="/Z-STEP">
      <node ref="IC1" pin="37"/>
      <node ref="U3" pin="21"/>
    </net>
    <net code="98" name="/Z-LTQ">
      <node ref="IC1" pin="38"/>
      <node ref="SW3" pin="5"/>
    </net>
    <net code="99" name="/Y-DIR">
      <node ref="U2" pin="22"/>
      <node ref="IC1" pin="39"/>
    </net>
    <net code="100" name="/Y-STEP">
      <node ref="IC1" pin="40"/>
      <node ref="U2" pin="21"/>
    </net>
    <net code="101" name="/Y-LTQ">
      <node ref="SW2" pin="5"/>
      <node ref="IC1" pin="41"/>
    </net>
    <net code="102" name="/spindle">
      <node ref="J1" pin="1"/>
      <node ref="P1" pin="1"/>
      <node ref="R37" pin="1"/>
    </net>
    <net code="103" name="Net-(R17-Pad2)">
      <node ref="U1" pin="3"/>
      <node ref="SW1" pin="4"/>
      <node ref="R17" pin="2"/>
    </net>
    <net code="104" name="Net-(P2-Pad2)">
      <node ref="P2" pin="2"/>
      <node ref="U1" pin="16"/>
    </net>
    <net code="105" name="Net-(R11-Pad2)">
      <node ref="R11" pin="2"/>
      <node ref="RV1" pin="3"/>
    </net>
    <net code="106" name="Net-(SW1-Pad3)">
      <node ref="SW1" pin="3"/>
      <node ref="U1" pin="7"/>
    </net>
    <net code="107" name="Net-(R7-Pad1)">
      <node ref="U1" pin="15"/>
      <node ref="R7" pin="1"/>
    </net>
    <net code="108" name="Net-(P2-Pad1)">
      <node ref="P2" pin="1"/>
      <node ref="U1" pin="14"/>
    </net>
    <net code="109" name="Net-(R9-Pad2)">
      <node ref="U1" pin="23"/>
      <node ref="R9" pin="2"/>
    </net>
    <net code="110" name="Net-(P4-Pad2)">
      <node ref="U1" pin="12"/>
      <node ref="P4" pin="2"/>
    </net>
    <net code="111" name="Net-(R12-Pad1)">
      <node ref="U1" pin="11"/>
      <node ref="R12" pin="1"/>
    </net>
    <net code="112" name="Net-(P4-Pad1)">
      <node ref="U1" pin="10"/>
      <node ref="P4" pin="1"/>
    </net>
    <net code="113" name="Net-(SW1-Pad1)">
      <node ref="SW1" pin="1"/>
      <node ref="U1" pin="9"/>
    </net>
    <net code="114" name="Net-(SW1-Pad2)">
      <node ref="SW1" pin="2"/>
      <node ref="U1" pin="8"/>
    </net>
    <net code="115" name="Net-(P15-Pad1)">
      <node ref="U1" pin="5"/>
      <node ref="P15" pin="1"/>
      <node ref="RV1" pin="2"/>
    </net>
    <net code="116" name="Net-(IC1-Pad12)">
      <node ref="IC1" pin="12"/>
      <node ref="P11" pin="2"/>
      <node ref="P6" pin="4"/>
    </net>
    <net code="117" name="Net-(C5-Pad2)">
      <node ref="R2" pin="1"/>
      <node ref="R1" pin="1"/>
      <node ref="R11" pin="1"/>
      <node ref="C5" pin="2"/>
      <node ref="SJ1" pin="1"/>
      <node ref="R17" pin="1"/>
      <node ref="R5" pin="1"/>
      <node ref="SJ1" pin="2"/>
      <node ref="U1" pin="24"/>
      <node ref="U1" pin="4"/>
    </net>
    <net code="118" name="Net-(C7-Pad1)">
      <node ref="U1" pin="19"/>
      <node ref="C7" pin="1"/>
      <node ref="R5" pin="2"/>
    </net>
    <net code="119" name="/XVcc">
      <node ref="C2" pin="1"/>
      <node ref="C1" pin="1"/>
      <node ref="U1" pin="20"/>
      <node ref="C26" pin="2"/>
      <node ref="U1" pin="6"/>
      <node ref="C19" pin="1"/>
      <node ref="F1" pin="1"/>
    </net>
    <net code="120" name="/clky">
      <node ref="J1" pin="5"/>
      <node ref="IC1" pin="6"/>
      <node ref="P1" pin="9"/>
    </net>
    <net code="121" name="Net-(P1-Pad8)">
      <node ref="P1" pin="8"/>
    </net>
    <net code="122" name="/diry">
      <node ref="J1" pin="4"/>
      <node ref="P1" pin="7"/>
      <node ref="IC1" pin="7"/>
    </net>
    <net code="123" name="Net-(P1-Pad6)">
      <node ref="P1" pin="6"/>
    </net>
    <net code="124" name="/clkx">
      <node ref="P1" pin="5"/>
      <node ref="J1" pin="3"/>
      <node ref="IC1" pin="8"/>
    </net>
    <net code="125" name="/dirx">
      <node ref="P1" pin="3"/>
      <node ref="IC1" pin="9"/>
      <node ref="J1" pin="2"/>
    </net>
    <net code="126" name="Net-(J1-Pad17)">
      <node ref="J1" pin="17"/>
    </net>
    <net code="127" name="Net-(J1-Pad16)">
      <node ref="J1" pin="16"/>
    </net>
    <net code="128" name="/clka">
      <node ref="P1" pin="17"/>
      <node ref="IC1" pin="2"/>
      <node ref="J1" pin="9"/>
    </net>
    <net code="129" name="/dira">
      <node ref="IC1" pin="3"/>
      <node ref="J1" pin="8"/>
      <node ref="P1" pin="15"/>
    </net>
    <net code="130" name="/clkz">
      <node ref="P1" pin="13"/>
      <node ref="J1" pin="7"/>
      <node ref="IC1" pin="4"/>
    </net>
    <net code="131" name="/dirz">
      <node ref="P1" pin="11"/>
      <node ref="J1" pin="6"/>
      <node ref="IC1" pin="5"/>
    </net>
    <net code="132" name="Net-(IC1-Pad17)">
      <node ref="IC1" pin="17"/>
    </net>
    <net code="133" name="Net-(IC1-Pad16)">
      <node ref="IC1" pin="16"/>
    </net>
    <net code="134" name="Net-(IC1-Pad15)">
      <node ref="IC1" pin="15"/>
    </net>
    <net code="135" name="Net-(P6-Pad6)">
      <node ref="P6" pin="6"/>
    </net>
    <net code="136" name="Net-(P6-Pad2)">
      <node ref="P6" pin="2"/>
    </net>
    <net code="137" name="Net-(R27-Pad2)">
      <node ref="U3" pin="23"/>
      <node ref="R27" pin="2"/>
    </net>
    <net code="138" name="Net-(SW3-Pad1)">
      <node ref="U3" pin="9"/>
      <node ref="SW3" pin="1"/>
    </net>
    <net code="139" name="Net-(SW3-Pad3)">
      <node ref="U3" pin="7"/>
      <node ref="SW3" pin="3"/>
    </net>
    <net code="140" name="Net-(SW3-Pad2)">
      <node ref="U3" pin="8"/>
      <node ref="SW3" pin="2"/>
    </net>
    <net code="141" name="Net-(P9-Pad1)">
      <node ref="P9" pin="1"/>
      <node ref="U3" pin="10"/>
    </net>
    <net code="142" name="Net-(P9-Pad2)">
      <node ref="U3" pin="12"/>
      <node ref="P9" pin="2"/>
    </net>
    <net code="143" name="Net-(P7-Pad1)">
      <node ref="P7" pin="1"/>
      <node ref="U3" pin="14"/>
    </net>
    <net code="144" name="Net-(P7-Pad2)">
      <node ref="P7" pin="2"/>
      <node ref="U3" pin="16"/>
    </net>
    <net code="145" name="Net-(R30-Pad1)">
      <node ref="U3" pin="11"/>
      <node ref="R30" pin="1"/>
    </net>
    <net code="146" name="Net-(R25-Pad1)">
      <node ref="R25" pin="1"/>
      <node ref="U3" pin="15"/>
    </net>
    <net code="147" name="Net-(R29-Pad2)">
      <node ref="RV3" pin="3"/>
      <node ref="R29" pin="2"/>
    </net>
    <net code="148" name="Net-(P17-Pad1)">
      <node ref="P17" pin="1"/>
      <node ref="RV3" pin="2"/>
      <node ref="U3" pin="5"/>
    </net>
    <net code="149" name="Net-(R35-Pad2)">
      <node ref="SW3" pin="4"/>
      <node ref="R35" pin="2"/>
      <node ref="U3" pin="3"/>
    </net>
    <net code="150" name="/ZVcc">
      <node ref="C28" pin="2"/>
      <node ref="U3" pin="20"/>
      <node ref="F3" pin="1"/>
      <node ref="U3" pin="6"/>
      <node ref="C21" pin="1"/>
      <node ref="C10" pin="1"/>
      <node ref="C9" pin="1"/>
    </net>
    <net code="151" name="Net-(C13-Pad2)">
      <node ref="U3" pin="4"/>
      <node ref="R19" pin="1"/>
      <node ref="R20" pin="1"/>
      <node ref="R29" pin="1"/>
      <node ref="C13" pin="2"/>
      <node ref="U3" pin="24"/>
      <node ref="SJ3" pin="2"/>
      <node ref="SJ3" pin="1"/>
      <node ref="R23" pin="1"/>
      <node ref="R35" pin="1"/>
    </net>
    <net code="152" name="Net-(C15-Pad1)">
      <node ref="U3" pin="19"/>
      <node ref="R23" pin="2"/>
      <node ref="C15" pin="1"/>
    </net>
    <net code="153" name="Net-(R13-Pad2)">
      <node ref="R13" pin="2"/>
      <node ref="RV2" pin="3"/>
    </net>
    <net code="154" name="Net-(C6-Pad2)">
      <node ref="R18" pin="1"/>
      <node ref="SJ2" pin="1"/>
      <node ref="U2" pin="24"/>
      <node ref="R3" pin="1"/>
      <node ref="R4" pin="1"/>
      <node ref="U2" pin="4"/>
      <node ref="SJ2" pin="2"/>
      <node ref="C6" pin="2"/>
      <node ref="R6" pin="1"/>
      <node ref="R13" pin="1"/>
    </net>
    <net code="155" name="Net-(R18-Pad2)">
      <node ref="U2" pin="3"/>
      <node ref="SW2" pin="4"/>
      <node ref="R18" pin="2"/>
    </net>
    <net code="156" name="Net-(R10-Pad2)">
      <node ref="U2" pin="23"/>
      <node ref="R10" pin="2"/>
    </net>
    <net code="157" name="Net-(SW2-Pad3)">
      <node ref="SW2" pin="3"/>
      <node ref="U2" pin="7"/>
    </net>
    <net code="158" name="Net-(P16-Pad1)">
      <node ref="RV2" pin="2"/>
      <node ref="U2" pin="5"/>
      <node ref="P16" pin="1"/>
    </net>
    <net code="159" name="Net-(SW2-Pad2)">
      <node ref="SW2" pin="2"/>
      <node ref="U2" pin="8"/>
    </net>
    <net code="160" name="Net-(SW2-Pad1)">
      <node ref="U2" pin="9"/>
      <node ref="SW2" pin="1"/>
    </net>
    <net code="161" name="Net-(R14-Pad1)">
      <node ref="R14" pin="1"/>
      <node ref="U2" pin="11"/>
    </net>
    <net code="162" name="Net-(R8-Pad1)">
      <node ref="U2" pin="15"/>
      <node ref="R8" pin="1"/>
    </net>
    <net code="163" name="Net-(P5-Pad2)">
      <node ref="U2" pin="12"/>
      <node ref="P5" pin="2"/>
    </net>
    <net code="164" name="Net-(P5-Pad1)">
      <node ref="U2" pin="10"/>
      <node ref="P5" pin="1"/>
    </net>
    <net code="165" name="Net-(P3-Pad1)">
      <node ref="U2" pin="14"/>
      <node ref="P3" pin="1"/>
    </net>
    <net code="166" name="Net-(P3-Pad2)">
      <node ref="U2" pin="16"/>
      <node ref="P3" pin="2"/>
    </net>
    <net code="167" name="/V_Alim">
      <node ref="IC2" pin="1"/>
      <node ref="C25" pin="1"/>
      <node ref="F3" pin="2"/>
      <node ref="D3" pin="2"/>
      <node ref="C23" pin="1"/>
      <node ref="D1" pin="2"/>
      <node ref="C24" pin="1"/>
      <node ref="Q1" pin="3"/>
      <node ref="F4" pin="2"/>
      <node ref="P12" pin="1"/>
      <node ref="F1" pin="2"/>
      <node ref="F2" pin="2"/>
    </net>
    <net code="168" name="Net-(C8-Pad1)">
      <node ref="C8" pin="1"/>
      <node ref="R6" pin="2"/>
      <node ref="U2" pin="19"/>
    </net>
    <net code="169" name="/YVcc">
      <node ref="F2" pin="1"/>
      <node ref="C20" pin="1"/>
      <node ref="C27" pin="2"/>
      <node ref="U2" pin="20"/>
      <node ref="U2" pin="6"/>
      <node ref="C4" pin="1"/>
      <node ref="C3" pin="1"/>
    </net>
  </nets>
</export>
